NAME,POP,CBR,CDR,E0,AREA_KM2,FPOP65_69,FPOP70_74,FPOP75_79,FPOP80_84,FPOP85_89,FPOP90_94,FPOP95_99,MPOP65_69,MPOP70_74,MPOP75_79,MPOP80_84,MPOP85_89,MPOP90_94,MPOP95_99,FPOP0_4,FPOP10_14,FPOP15_19,FPOP20_24,FPOP25_29,FPOP30_34,MPOP0_4,MPOP10_14,MPOP15_19,MPOP20_24,MPOP25_29,MPOP30_34,GENC,YR
Andorra,85645,6.9100,7.8600,83.23,468,2332,1867,1388,905,608,375,150,2596,2062,1442,827,545,260,83,1500,2109,2251,2072,1844,1851,1597,2238,2332,2214,2007,1967,AD,2021
United Arab Emirates,9856612,10.8700,1.5100,79.37,83600,18479,10982,6257,3119,1322,459,103,71034,30574,12355,4615,1504,429,88,270674,240958,221053,214185,308099,450721,284755,265200,257740,266188,482771,962166,AE,2021
Afghanistan,37466414,36.0800,12.5700,53.25,652230,246671,164568,94207,41786,12818,2421,240,223554,140146,75289,30849,8471,1363,123,2811103,2158039,1893607,1960745,1622610,1284438,2898548,2227287,1957813,2031049,1683955,1336295,AF,2021
Antigua and Barbuda,99175,15.3000,5.6300,77.55,443,1992,1445,891,497,278,114,31,1573,1103,659,365,175,60,12,3661,3590,3684,4155,3913,3743,3815,3656,3680,4089,3700,3256,AG,2021
Anguilla,18403,12.1200,4.6200,82.00,91,357,237,155,99,57,24,9,353,241,172,93,44,18,5,645,640,620,635,601,661,672,650,644,642,566,618,AI,2021
Albania,3088385,12.8600,7.2700,79.23,27398,74281,52006,43600,32079,15752,6068,1532,70633,48856,37517,24626,9654,2449,396,94092,76443,93219,119672,138366,140988,102082,86549,104698,128815,146518,138872,AL,2021
Armenia,3011609,11.4500,9.4800,75.86,28203,87090,56971,27405,40237,16350,5635,669,66999,40903,17278,23266,8974,3360,438,85801,86778,78436,83950,109154,136462,94505,96666,87591,91907,109298,133524,AM,2021
Angola,33642646,42.2200,8.2400,61.71,1246700,182394,123901,81430,43863,16213,3623,441,137537,85664,58823,29437,9187,1690,167,3078612,2266835,1818636,1428749,1210432,1042626,3126749,2208255,1744991,1347166,1101148,928535,AO,2021
Argentina,45864941,15.8000,7.3600,78.07,2736690,951305,798885,619253,447206,277096,123858,31980,841388,656140,448350,269737,128709,41580,7735,1759312,1752874,1708270,1671535,1631739,1647152,1871066,1861037,1813339,1746211,1690312,1672574,AR,2021
American Samoa,46366,17.1900,6.0000,75.06,198,740,477,269,180,93,41,12,653,430,254,151,63,19,4,1968,2036,2237,1865,2045,1563,2084,2168,2331,1827,1884,1449,AS,2021
Austria,8884864,9.4800,9.8500,82.07,82445,248020,227869,192129,169757,90250,50830,21061,227803,198469,151947,121300,52716,24126,6297,205720,199461,209255,235287,284201,294511,216310,208874,217181,241926,292761,301183,AT,2021
Australia,25809973,12.3500,6.7800,82.89,7682300,654535,580562,410945,284094,177933,97114,32550,601389,540493,368419,228818,119992,51565,12719,766806,781074,743593,837148,940710,953201,813383,832590,807383,917563,986078,932072,AU,2021
Aruba,120917,11.9500,8.5400,77.76,180,3970,3040,2091,1335,665,207,36,3000,2063,1260,737,295,73,10,3549,3449,3401,3699,4037,4129,3580,3455,3393,3734,3999,3910,AW,2021
Azerbaijan,10282283,14.0300,6.9300,73.88,82629,187161,116802,51860,71674,36231,13322,2399,144446,78575,30354,35789,15779,4492,545,356882,361111,311700,318019,424906,471069,383064,420543,361940,357631,451586,489533,AZ,2021
Bosnia and Herzegovina,3824782,8.5000,10.2500,77.74,51187,131182,98362,59315,55496,26929,7689,1088,112389,74400,37854,25179,6621,732,21,80046,81273,84903,109795,113090,137121,85780,87013,90055,116844,120773,143609,BA,2021
Barbados,301865,10.9600,7.9000,78.31,430,9254,6195,4268,2824,1631,768,227,7643,4705,2905,1606,758,282,63,8312,8902,9187,9255,9918,10160,8363,8842,9066,9081,9751,10227,BB,2021
Bangladesh,164098818,17.8800,5.4400,74.43,130170,2272022,1691352,1148573,654504,295991,89297,15848,2127241,1535070,987576,527839,209315,52645,7575,6978293,7027723,7190125,7625001,7207617,6746176,7215693,7303177,7422756,7613156,6831305,6165079,BD,2021
Belgium,11778842,11.0300,9.7100,81.65,30278,336422,300999,225729,183111,133697,70190,23080,313395,267111,183123,127364,75458,30138,7168,322226,335794,317775,329422,360902,386837,337875,352894,334347,342024,371045,392620,BE,2021
Burkina Faso,21382659,34.3400,7.9200,63.06,273800,147953,99097,74933,38440,20156,5129,781,113378,80009,53517,28190,12794,3070,374,1660612,1355064,1164100,1012051,861152,755090,1708157,1396696,1200570,995826,783594,670061,BF,2021
Bulgaria,6919180,8.1500,14.5200,75.30,108489,243796,237079,171362,111964,59790,14189,1651,189045,163426,105536,62267,33749,9848,1552,143061,182196,160824,155629,175083,228517,151585,192628,172714,169051,191197,245341,BG,2021
Bahrain,1526929,12.5000,2.8100,79.67,760,10454,5942,4259,3103,1835,750,200,13923,6277,3501,2380,1325,513,112,46625,44834,46406,52606,59236,60257,47697,46766,54484,74773,95885,105060,BH,2021
Burundi,12241065,35.4800,6.0700,67.07,25680,97041,60449,33411,19076,7955,1870,235,78869,45851,23092,11988,4505,940,103,971787,797470,667498,552471,454917,386644,991006,805557,671327,550532,448078,380413,BI,2021
Benin,13301694,41.5500,8.2100,61.82,110622,72141,49063,30947,15201,5476,1344,179,64398,42115,24198,11133,3748,827,102,1187210,823478,714274,637055,527451,432002,1224492,828720,715823,624277,489664,380510,BJ,2021
Saint Barthelemy,7116,9.2700,8.8500,80.36,25,230,202,141,84,41,16,4,259,211,138,75,31,9,1,161,175,99,150,236,218,170,186,104,170,278,262,BL,2021
Bermuda,72084,11.1000,9.0300,81.83,54,2549,2007,1575,1102,727,358,120,2181,1651,1178,670,411,146,33,1947,1930,2050,2090,2141,2126,2047,2040,2172,2226,2286,2121,BM,2021
Brunei,471103,16.3000,3.7500,78.14,5265,7005,4080,1945,1285,672,186,34,7086,3920,1976,998,372,104,14,18070,15649,16901,20238,22791,23487,18976,16757,17215,19787,21341,21343,BN,2021
Bolivia,11917267,19.1400,6.4300,72.50,1083301,149461,113874,79577,45923,22562,7852,1402,137643,101220,66039,34321,15157,4646,723,566253,605056,578892,522722,482812,451012,591778,629569,598346,534385,486074,451630,BO,2021
Brazil,215903281,12.5200,7.0100,75.18,8358140,4201186,3185123,2218810,1427446,748140,289957,70990,3541488,2517191,1603688,901704,389282,113112,19254,6980523,7340922,8345246,8584242,8285756,8430560,7305852,7635634,8633538,8816908,8431492,8488125,BR,2021
"Bahamas, The",352655,14.7800,6.3400,75.87,10010,7015,5078,3533,2208,1116,386,86,5203,3428,2129,1181,491,131,22,12676,12480,12508,13437,14098,12774,13044,12839,12852,13784,14418,13013,BS,2021
Bhutan,859364,16.1600,6.4000,71.59,38394,8764,6926,5141,3238,1573,499,90,9783,7545,5424,3375,1522,453,70,33260,34840,36699,38019,39617,41302,34910,36374,38159,39371,41019,42842,BT,2021
Botswana,2350667,20.6000,9.1200,65.24,566730,27569,19860,15329,9919,4492,1244,181,19269,15196,11122,6286,2423,627,85,116826,115829,110411,106351,103629,98110,119659,117050,107972,101633,101246,87529,BW,2021
Belarus,9441842,9.3200,12.9600,74.01,202900,322716,258018,143716,164090,91234,43016,9843,212569,143203,63188,55556,23792,7926,994,228033,256693,217871,222319,275042,371684,241463,272335,229720,235353,289544,383530,BY,2021
Belize,405633,21.6200,3.9900,75.56,22806,4110,2577,1485,938,515,159,22,4008,2438,1334,809,384,99,12,21170,20974,20378,17378,16749,16152,22142,21857,22071,19250,17423,15298,BZ,2021
Canada,37943231,10.2100,8.0800,83.62,9093507,1142825,965702,678247,477258,342560,219288,100857,1073800,889490,595624,379400,233174,125675,51294,941841,1008933,975641,1037409,1214249,1303787,993459,1066033,1027603,1110172,1300901,1347125,CA,2021
Congo (Kinshasa),105044646,40.5300,8.1500,61.43,2267048,599704,425745,264392,125522,44039,9443,1096,505189,329699,185483,77431,23423,4201,402,9254523,6807964,5415084,4699416,4038525,3258112,9408424,6877330,5453694,4715048,4042417,3262467,CD,2021
Central African Republic,5357984,33.2000,12.0100,55.07,622984,38329,28964,20952,11695,4460,1040,120,31839,20944,14397,7401,2633,549,60,385128,305092,277462,250978,224320,199363,395142,329593,302151,268476,219318,168232,CF,2021
Congo (Brazzaville),5417414,32.1500,8.5500,61.69,341500,39475,26200,16774,9616,4089,1038,153,35383,21885,12874,6604,2385,507,63,395545,342856,258179,211455,195091,182623,403715,347830,261412,211473,193039,167327,CG,2021
Switzerland,8453550,10.4100,8.4400,83.03,39997,223459,206411,178288,128668,90176,43147,11585,212899,186327,150128,92212,51824,16258,2307,214181,205197,198819,224787,259312,293360,226923,218224,210732,232608,260192,291542,CH,2021
Côte d'Ivoire,28088455,28.6700,7.7500,61.80,318003,185773,134020,77840,36454,11839,2279,233,165167,107455,57156,24316,7355,1296,116,1837097,1723064,1555597,1312026,1157973,1041736,1859943,1727891,1553918,1307831,1164051,1069826,CI,2021
Cook Islands,8327,12.8500,8.8900,76.89,236,190,143,116,92,44,16,4,204,176,106,55,23,7,0,251,256,276,279,286,227,265,295,323,318,290,225,CK,2021
Chile,18307925,12.9200,6.4700,79.57,743812,417477,325050,247898,164717,87227,40961,9266,349105,256717,175229,100204,41043,14788,2426,581235,591560,570469,639669,697753,709879,605147,615685,594306,665763,722084,731414,CL,2021
Cameroon,28524175,35.9100,7.9300,62.79,472710,190913,135057,85503,44633,16734,3913,493,175060,120287,72505,35089,11902,2465,268,2257794,1744900,1530559,1321579,1150851,984146,2300056,1775628,1549044,1313249,1126776,957844,CM,2021
China,1407098834,10.6200,7.6600,77.71,9326410,37586915,25489730,16189392,10792641,6029571,2083674,454330,35861518,23318956,13517889,7823665,3514428,1002849,178412,35493020,36776520,34443277,38713602,47391167,62400191,39854242,43220275,40261923,44473695,52653804,65171124,CN,2021
Colombia,48757939,15.3500,7.6200,74.89,1038700,965456,690865,509373,334993,181761,69085,13378,825567,596343,413835,243526,115173,37643,5398,1812040,1832119,1878992,1951279,2035946,1914206,1896761,1916777,1960044,1999314,2043048,1891321,CO,2021
Costa Rica,5151140,14.5300,4.8600,79.41,51060,92359,66503,44943,27948,14959,5876,1304,85649,59841,38454,20796,8463,2351,342,183863,181228,178837,195382,206958,214031,192579,189541,186885,203155,213580,219080,CR,2021
Cuba,11032343,10.2500,9.2200,79.41,109820,265398,238077,197625,140092,79620,36032,10988,239919,212228,167916,110713,52828,18724,4130,283154,291471,294546,318962,313207,384311,299773,309848,317042,346371,341428,411967,CU,2021
Cabo Verde,589451,18.7800,5.8400,73.47,4033,7175,4013,3838,3509,1738,540,80,4754,2896,2217,1783,834,227,29,26478,27089,26782,26950,27479,26166,26947,27125,26805,26949,27233,25464,CV,2021
Curaçao,151885,13.2900,8.6500,79.19,444,5047,4054,2907,1841,997,386,99,3625,2965,1987,1103,532,161,26,4875,4828,4928,4761,5408,5270,5125,5023,5091,5162,5898,5469,CW,2021
Cyprus,1281506,10.7600,6.9000,79.51,9241,31227,25844,18586,11389,5903,2307,520,27112,20770,14360,7542,3233,944,165,33696,30969,30962,38312,48507,49329,35307,32971,35718,47171,58703,58633,CY,2021
Czechia,10702596,8.7500,10.7200,79.50,77247,358701,349073,257899,156588,93630,44146,11997,309093,274233,179473,94394,46329,16944,3301,238332,287264,244685,237239,296024,349534,251965,302917,260317,255082,318502,373909,CZ,2021
Germany,84409193,9.1400,11.9900,81.30,348672,2682694,2279047,1916342,1974747,1047472,478561,155548,2489171,2020965,1561298,1446466,671423,262499,59227,1924872,1846252,1930261,2191610,2324684,2645596,2020708,1904440,1993359,2256704,2455610,2828199,DE,2021
Djibouti,938413,22.4300,7.1700,65.00,23180,8399,5969,3719,1891,703,168,24,7139,4959,2815,1252,391,81,11,48049,43888,46898,52352,54859,49610,48659,43887,44577,44535,42402,36755,DJ,2021
Denmark,5894687,11.1700,9.5000,81.45,42434,164496,162575,140899,87732,50623,24152,8154,156993,149910,124618,69011,32530,11527,2679,156429,164108,168250,182297,198507,183619,166057,173025,176551,190988,207333,192403,DK,2021
Dominica,74584,14.1600,8.1400,77.96,751,1552,1177,920,720,439,187,45,1711,1138,770,465,227,80,15,2607,2485,2303,2320,2875,2671,2728,2601,2436,2448,3072,2827,DM,2021
Dominican Republic,10597348,18.2400,6.2900,72.28,48320,144107,102274,65067,35597,14271,3756,457,138430,92709,54468,27107,9479,2233,240,462671,458104,470876,463987,439774,407143,479039,473017,486225,479669,455531,423159,DO,2021
Algeria,43576691,19.2400,4.3200,77.79,2381740,527024,381289,248200,166719,102494,40595,9801,534609,362809,204005,125409,70764,24491,4953,2105343,1958303,1540668,1403807,1693124,1738621,2207189,2055779,1615678,1472627,1781091,1818567,DZ,2021
Ecuador,17093159,16.7100,5.1500,77.76,276841,263899,193875,140902,92915,51979,21128,5218,246489,179007,126435,78832,39938,14251,2900,693021,718924,730434,742755,712137,674148,721854,746657,758814,767995,724944,666736,EC,2021
Estonia,1220042,9.0300,13.0600,77.63,42388,43979,40198,29095,29578,16735,7840,1964,31595,24869,14972,11931,5262,1941,334,28995,34793,28416,24521,28626,42421,30333,36750,30358,26914,31199,45834,EE,2021
Egypt,105919663,22.4900,4.3400,74.18,995450,1158578,700928,383181,200678,88632,23261,3266,1224430,754509,396861,184894,72661,17399,2168,6201293,5381226,4508370,4197227,3898949,3944855,6585642,5703475,4787500,4416601,4036167,4102559,EG,2021
Eritrea,6147398,27.4100,6.7900,66.51,101000,53006,42481,28439,15860,5940,1330,160,35128,28203,20249,11421,4118,929,104,390106,378941,357133,284407,236549,204508,396164,382038,356887,278611,228230,198196,ER,2021
Spain,47103121,7.1600,10.3400,82.32,498980,1320705,1193379,1015151,784420,639474,307738,76429,1184728,1003141,784659,530863,352323,127434,32028,911667,1233551,1197878,1104784,1152823,1291400,958218,1283583,1246947,1139281,1154494,1312719,ES,2021
Ethiopia,110871031,31.0300,5.8000,67.90,1096570,842069,592087,360181,182160,66506,15155,1806,766192,506818,289332,131274,41385,7928,789,7952065,6510026,5817292,5005098,4421091,3933130,8095792,6562194,5826540,4968765,4359488,3865545,ET,2021
Finland,5587442,10.4900,10.3300,81.55,303815,184769,187118,132456,98092,61808,32498,9911,169420,164209,106028,66249,33564,13085,2762,145229,153223,146952,149874,170596,171984,151926,160182,153920,157129,178769,181837,FI,2021
Fiji,939535,16.9000,6.3100,74.00,18274,15486,11338,7341,3841,1426,348,49,14836,10043,5672,2417,699,123,12,39121,41262,36343,34148,35463,34560,40895,42976,37808,35384,36950,36307,FJ,2021
"Micronesia, Federated States of",101675,18.6500,4.1800,74.17,702,1332,778,356,180,94,29,6,1203,679,247,77,41,11,2,4562,4896,4977,4484,4205,4033,4735,5036,5042,4431,4002,3895,FM,2021
Faroe Islands,51943,14.9200,8.6800,81.04,1393,1301,1245,925,601,366,204,62,1359,1259,921,505,259,109,24,1785,1552,1699,1708,1878,1778,1913,1649,1831,1857,1913,2027,FO,2021
France,68084217,11.7700,9.5800,82.39,640427,2068442,1994273,1337966,1078665,872783,473891,142323,1841985,1737662,1097179,764711,489053,195338,40378,1979775,2060523,2010053,1955143,1910185,1984460,2072707,2154580,2102599,2047117,1987225,2052430,FR,2021
Gabon,2284912,26.1400,5.7600,69.37,257667,16187,11323,8705,5921,2842,781,115,19304,13122,7730,4100,1691,397,54,138074,133563,126098,112775,98061,73345,140946,139259,134146,124173,116068,95214,GA,2021
United Kingdom,67419123,10.7700,9.0200,81.82,241930,1690833,1730952,1321582,933684,620517,348465,134479,1602151,1575368,1134826,728210,419641,192608,61129,1788490,1939257,1857710,2098081,2302011,2341878,1878990,2037351,1904589,2086340,2301018,2404452,GB,2021
Grenada,113570,14.2700,8.2900,75.48,344,2290,1782,1279,861,406,140,21,2356,1684,1059,635,253,70,8,3965,4284,4060,3764,4117,4645,4353,4610,4163,3767,4070,4548,GD,2021
Georgia,4933674,11.2600,10.8400,77.25,69700,151287,113657,66233,92104,49976,30686,9517,114101,81957,43145,54465,25783,12126,2409,140555,149778,119442,126304,166229,196550,148134,161662,134544,146809,175822,200320,GE,2021
Guernsey,67334,9.7700,9.1900,83.03,78,1840,2011,1289,1003,675,389,143,1861,1852,1166,830,459,190,52,1550,1613,1593,1865,2069,2217,1665,1694,1675,1921,2131,2301,GG,2021
Ghana,32372889,29.0800,6.3000,69.01,227533,283384,195706,135969,91266,45096,14982,2840,243715,166335,105315,62681,30663,9731,1626,2198620,1845090,1581315,1406171,1297438,1239523,2246946,1873529,1590102,1373701,1213645,1104164,GH,2021
Gibraltar,29516,13.9900,8.8100,80.20,7,759,675,442,318,183,81,34,672,753,501,369,181,69,19,993,898,875,951,1160,1128,1041,950,927,997,1217,1183,GI,2021
Greenland,57799,13.8800,8.8800,73.71,2166086,1155,714,538,291,150,61,13,1386,931,610,255,97,30,5,1960,1957,1986,2090,2259,2181,2047,1988,2029,2094,2408,2268,GL,2021
"Gambia, The",2357958,29.5100,5.9100,67.21,10120,19897,12713,6678,2718,943,253,41,15046,10415,6163,2829,970,235,33,163622,148213,132294,112193,95760,79462,167163,150363,133664,113886,98280,79429,GM,2021
Guinea,12877894,35.8600,8.2800,63.53,245717,109810,80093,50974,26465,9727,2196,257,95614,66080,39492,18812,6166,1225,125,1011277,751781,670593,569488,479343,410205,1030997,761150,677259,574064,480341,409788,GN,2021
Equatorial Guinea,1620289,30.4700,9.0000,63.60,28051,14245,10831,7468,3960,1437,313,38,16332,11903,7409,3568,1158,209,19,106911,86242,75260,63164,55213,51412,110382,97447,90099,76838,66162,59638,GQ,2021
Greece,10569703,7.7200,12.0500,81.28,130647,329363,304437,254957,227154,147545,56223,11813,290942,263694,209950,163625,97670,34243,5955,216084,276438,256447,264442,264236,294886,229237,297930,286505,299212,289793,304759,GR,2021
Guatemala,17422821,22.7900,4.9400,72.63,107159,186092,131605,86018,45250,19741,6433,1084,157941,111773,69879,33304,12744,3428,477,953428,909909,854682,832098,782293,678982,992404,939786,871020,838161,780258,670222,GT,2021
Guam,168801,18.7600,5.9900,77.25,544,3193,2558,1402,1027,525,140,23,3121,2354,1201,717,279,75,10,7525,7088,6296,6165,5916,5376,8032,7663,7087,7342,6740,5787,GU,2021
Guinea-Bissau,1976187,36.6400,7.6900,63.26,28120,14873,9737,5836,3303,1329,300,32,9863,7446,4856,2510,902,187,19,159715,125248,111092,94942,81047,69272,162307,125258,108542,89741,73692,60635,GW,2021
Guyana,787971,16.6400,6.8700,71.59,196849,14385,8874,5040,2567,997,270,39,11610,6954,3901,1908,693,167,21,30702,32414,42225,42814,27407,25458,32014,33835,44237,45358,30061,28248,GY,2021
Hong Kong,7263234,8.2300,7.9200,83.41,1073,248624,190211,100909,88504,70331,36306,9777,230015,179674,99002,74260,45812,17192,3088,151565,131488,126811,163999,228582,250261,164334,143589,140067,184831,224006,210096,HK,2021
Honduras,9346277,18.1900,4.6700,74.90,111890,104543,77524,52459,33078,16257,5025,925,85490,63210,42238,25158,11181,3203,519,422673,483720,501805,478179,428934,371696,433650,494844,506972,472007,406509,339354,HN,2021
Croatia,4208973,8.6800,12.7800,76.97,55974,155169,125226,75659,77137,59558,31582,10291,143672,108979,50471,42223,22842,5871,529,90455,102033,98172,117602,120145,131130,96109,108238,103967,123717,125422,133942,HR,2021
Haiti,11198240,21.4000,7.2900,65.61,27560,107189,78931,51380,26987,10052,2424,315,90819,62809,37721,17897,5801,1167,122,573287,581659,581047,567605,530625,460865,570648,574928,575776,568647,527128,456302,HT,2021
Hungary,9728337,8.7200,12.8800,76.95,89608,378843,311087,239904,172929,102691,45472,13154,289508,212925,141372,81781,41578,16081,4242,212103,243384,241912,245583,288338,306490,224409,258451,258863,262993,303764,318477,HU,2021
Indonesia,275122131,15.5900,6.7400,72.82,1811569,3932245,2399716,2133232,1355505,572498,164529,19530,4068178,2251351,1579497,854731,308235,75884,7591,10570551,11747196,11294595,10705541,10251824,10299147,11040222,12333903,11842538,11219088,10604236,10257736,ID,2021
Ireland,5224884,12.6000,6.7200,81.45,68883,116088,100285,75119,50159,31207,14617,4513,113238,93939,65626,38807,19965,7167,1651,167746,184371,160988,153150,151231,168353,176785,192059,165636,155603,153975,166111,IE,2021
Israel,8787045,17.5200,5.0600,83.15,21497,173027,149580,103675,70645,50249,24022,7074,157616,131690,85035,52147,32647,12618,2952,370174,381941,349268,327319,302060,287870,388164,399540,364531,340512,314202,300416,IL,2021
Isle of Man,90895,10.6900,10.1900,81.84,572,2569,2607,2011,1418,894,484,162,2601,2516,1794,1156,628,252,71,2348,2378,2258,2343,2649,2595,2531,2617,2634,2724,2686,2659,IM,2021
India,1380721926,17.0900,11.1100,66.76,2973193,19340946,14069331,9464642,5349827,2192098,555470,72393,18006086,12774287,8059604,4109490,1474918,319393,35111,53869402,56807669,57931221,57879805,57030229,54039243,59573760,63105172,64707651,64690272,63317317,59315936,IN,2021
Iraq,39650145,25.2100,3.9200,72.90,437367,330168,206852,119874,64442,26382,9412,1334,278422,167888,93760,46536,16183,4659,562,2385243,2294513,2078913,1801649,1542837,1454906,2493560,2393566,2157468,1859507,1563669,1448073,IQ,2021
Iran,85888910,15.7800,5.1400,75.06,1531595,1158519,749165,448959,275598,136364,40218,7370,1085325,635230,373082,222402,106109,26816,4436,3421533,3140498,2882882,2696873,3414517,4229304,3584022,3287383,3020241,2826315,3580649,4468926,IR,2021
Iceland,354234,13.1200,6.5600,83.45,100250,8869,7287,5386,3483,2533,1444,456,8934,7194,4890,2722,1634,800,235,11525,11871,10945,11388,12095,12028,12038,12388,11204,11525,12515,12656,IS,2021
Italy,61196793,6.9000,11.7200,82.08,294140,1865369,1805697,1428614,1268760,833002,449025,159759,1689859,1564806,1147284,907045,507207,220478,59350,1065498,1424257,1444813,1489091,1616385,1738488,1124718,1479254,1476023,1489724,1585225,1689916,IT,2021
Jersey,101476,12.4600,7.7600,82.43,116,2779,2552,1782,1386,863,455,154,2401,2043,1276,939,528,186,49,2983,2502,2661,3516,4152,4331,3163,2702,2892,3683,4366,4357,JE,2021
Jamaica,2816602,16.0300,7.4200,75.49,10831,46264,34684,26651,18262,9643,3284,515,45934,34082,23674,14225,6229,1818,245,109540,119690,123227,123171,111698,99700,114377,123606,127205,125610,110838,93789,JM,2021
Jordan,10909567,22.7900,3.4400,75.75,88802,78863,59215,40051,21557,8761,2126,302,80378,54104,37477,20464,7128,1601,193,577287,570276,541674,482342,436149,387336,610466,600684,575616,546320,517706,462318,JO,2021
Japan,124687293,7.0000,11.4400,84.65,364485,4020386,4965627,3714671,3167155,2401574,1321795,453919,3893959,4522640,3098241,2285535,1340789,530168,114181,2274523,2749853,2719053,2851686,2943801,3238075,2411252,2915765,2943471,3176425,3219048,3232894,JP,2021
Kenya,54685051,26.7800,5.0900,69.32,569140,373614,257976,161746,89965,37263,9796,1396,326578,218628,133120,70577,27200,6548,843,3469485,3441772,3127211,2548038,2073899,1936579,3512570,3473285,3149632,2556016,2051032,1917802,KE,2021
Kyrgyzstan,6018789,20.0600,6.1800,72.07,191801,95272,60880,20436,29888,12560,5298,832,64939,37897,12872,15997,5776,1959,227,293913,289066,235573,224146,250093,263270,310730,304028,244044,230972,257810,263524,KG,2021
Cambodia,16528811,19.8800,5.8200,70.26,176515,209195,142265,88093,50243,20733,5578,758,117714,84834,49933,26989,10057,2457,343,827955,809500,715723,662847,761587,796998,856204,816348,704377,628645,726028,767987,KH,2021
Kiribati,113001,20.2700,6.9400,67.59,811,1321,925,574,324,135,35,6,955,628,329,149,49,9,0,5246,5152,5417,5994,5425,5066,5480,5299,5403,5737,5098,4804,KI,2021
Comoros,864335,22.9800,6.6100,66.90,2235,7923,6108,3976,2103,842,217,32,6092,4863,3265,1828,718,163,22,47684,54246,51532,41994,34377,30802,47962,53775,49899,39135,31282,27944,KM,2021
Saint Kitts and Nevis,54149,12.4300,7.2400,76.83,261,1186,688,479,336,206,109,33,1192,688,424,256,138,57,14,1705,1820,1702,1954,1863,1934,1744,1771,1649,1797,1801,2034,KN,2021
"Korea, North",25831360,14.3500,9.3900,71.65,120408,425924,440999,378689,249533,110700,29412,4478,332871,275487,178310,73479,16156,1761,108,878796,841161,886991,955278,1015195,947730,923746,869334,910174,963640,1030879,978968,KP,2021
"Korea, South",51715162,6.8900,6.9600,82.78,96920,1525725,1093433,866752,713314,432916,186674,58337,1420746,945156,652114,445262,222101,64423,14470,845581,1110347,1129954,1528103,1704991,1556455,889924,1177513,1221984,1678029,1983603,1810680,KR,2021
Kuwait,3032065,17.9000,2.2300,78.90,17818,22497,14430,8384,4489,1901,572,117,19029,10562,6235,3329,1278,337,52,128127,102860,93145,112170,131426,128187,137317,112894,99693,148292,217328,219727,KW,2021
Cayman Islands,63131,11.7700,5.8900,81.84,264,1924,1324,841,537,294,119,31,1668,1184,741,432,198,60,11,1898,1783,1793,1891,2115,2101,1928,1798,1800,1884,2040,2029,KY,2021
Kazakhstan,19245793,15.8700,8.1400,72.25,2699700,414051,286248,122434,173986,52808,32516,6795,282134,170688,62795,68771,11797,2684,130,820057,851404,632964,584381,735613,836533,764153,839034,662270,606444,756500,835806,KZ,2021
Laos,7645472,21.4500,6.4900,67.71,230800,70682,47226,32782,17671,6952,1628,191,65654,42198,25024,12978,4667,938,94,398613,386875,379779,381858,348825,312687,410690,396157,384540,378715,344748,309054,LA,2021
Lebanon,5261372,13.3500,5.5700,78.53,10230,94995,56624,44590,34901,16432,4712,736,76401,36716,32294,29250,11681,2846,370,155827,188296,188098,186200,196443,218813,163272,197207,196450,193185,205680,224266,LB,2021
Saint Lucia,166637,12.2700,7.9600,78.71,606,3864,2808,2075,1623,1161,617,219,3333,2435,1779,1410,877,388,112,4976,5202,5131,5623,6103,5843,5269,5540,5418,5698,6118,5435,LC,2021
Liechtenstein,39425,10.3500,7.8900,82.36,160,1223,1031,833,519,294,150,64,1110,990,726,397,179,72,21,895,898,986,1177,1213,1194,1120,1064,1059,1157,1206,1287,LI,2021
Sri Lanka,23044123,14.0100,6.4500,77.75,64630,502427,403577,261580,164317,93492,36971,8270,403003,305191,178097,106426,50944,18568,3483,808047,902020,870876,781832,809154,783572,839163,939300,908718,812600,824932,792160,LK,2021
Liberia,5214030,36.9600,6.7800,65.10,96320,27790,20658,14329,8091,3343,851,115,28351,20484,13163,6722,2386,508,55,421509,325179,280838,251695,177979,179403,430891,332226,283720,249367,172911,170372,LR,2021
Lesotho,2177740,23.3000,11.4100,58.90,30355,24928,19510,14184,9736,4640,1235,168,16669,12469,7863,4483,1948,458,55,118236,121905,112364,99435,89841,83232,120143,123057,113865,101450,93306,88846,LS,2021
Lithuania,2711566,9.4200,15.0500,75.61,62680,92649,83033,72885,62339,37029,10734,1915,62278,48061,36011,25870,13148,3822,687,65053,68286,62999,69280,77256,87716,68776,71696,66256,75417,83886,93374,LT,2021
Luxembourg,639589,11.6200,7.2600,82.78,2586,14914,12233,9450,7602,5152,3088,1342,14466,11714,8078,5442,3141,1702,420,17780,17038,16994,19239,22128,24055,18911,17869,17916,20185,23176,24794,LU,2021
Latvia,1862687,8.9600,14.6300,75.65,62249,67166,59401,50941,46385,23086,8980,1741,46139,34133,24103,17985,6291,1388,98,43614,48014,43559,38965,48407,66441,46027,50862,45915,41752,52553,70355,LV,2021
Libya,7017224,22.2300,3.4600,76.93,1759540,57843,45181,26217,16397,8167,2687,466,46164,39332,25257,14209,6063,1564,214,389285,355510,276679,248888,235075,255520,406977,370230,288006,257919,245862,278221,LY,2021
Morocco,36400581,17.7300,6.5900,73.40,716550,549811,353068,246912,155829,66009,16990,2363,563638,342805,216472,125413,50459,12207,1505,1572620,1577979,1525627,1434732,1400057,1407286,1642334,1636267,1553237,1432697,1385462,1380036,MA,2021
Monaco,31223,6.6300,10.4700,89.40,2,1099,1184,1206,960,618,393,251,1118,1114,958,766,458,250,111,472,587,696,685,665,698,498,605,757,714,737,779,MC,2021
Moldova,3323875,10.4500,12.4600,72.16,32891,101620,79044,40071,40126,19690,7618,1359,81625,57828,23725,19289,6803,1617,149,90107,102247,89753,88948,106759,135845,95476,108955,96570,96324,115178,143415,MD,2021
Montenegro,607414,11.3500,10.3700,77.51,13452,19023,15735,9216,7387,3140,1333,485,17240,12237,6312,4561,1850,898,307,17573,18076,17731,19069,18006,19276,18207,19856,19255,20092,19083,19697,ME,2021
Saint Martin,32680,14.2000,4.5600,80.36,54,630,469,319,196,105,42,12,526,387,245,132,60,20,4,1304,1325,834,875,1231,1596,1311,1295,813,837,1201,1630,MF,2021
Madagascar,27534354,29.2200,6.0900,67.86,581540,216688,153825,93649,49922,21474,5730,798,194281,130079,74946,38273,16216,4194,573,1867700,1600780,1433726,1293751,1160238,973723,1909012,1631956,1460507,1306670,1160557,977855,MG,2021
Marshall Islands,78831,22.4200,4.2500,74.38,181,881,574,307,160,65,23,4,916,572,279,132,46,11,2,4160,4132,3887,3558,2619,3101,4330,4283,4037,3667,2691,3214,MH,2021
North Macedonia,2128262,10.5500,9.6500,76.59,25433,60076,49176,31126,20692,9717,2151,286,54191,38854,22540,13859,5222,626,22,54741,55530,56914,68804,74472,78545,58222,59630,60083,74208,79448,83233,MK,2021
Mali,20137527,41.6000,8.7700,62.01,1220190,120098,85122,56620,31159,11712,2992,400,120859,85889,56139,27838,9594,2087,238,1823083,1338267,1104949,905362,753346,630947,1854511,1339427,1043501,784997,612896,504665,ML,2021
Burma,57069099,16.6500,7.1400,69.62,653508,830240,538085,357287,198746,79073,20508,2831,687305,425348,262933,131950,46365,10405,1201,2288320,2437572,2352326,2389516,2415742,2254539,2409046,2545259,2427426,2408393,2366416,2144616,MM,2021
Mongolia,3198913,16.3200,6.2800,71.08,1553556,39097,22872,15779,10420,5573,1975,336,29531,15817,10148,6030,2472,651,81,133223,139400,111770,118719,129684,160308,138885,144858,115781,120749,127757,154525,MN,2021
Macau,630396,9.4100,4.6400,84.81,28,16616,10586,6547,4497,3411,1822,607,16342,9788,5813,3485,2151,981,350,15204,14044,14670,15033,22345,28355,15903,15015,16733,16301,22749,24255,MO,2021
Northern Mariana Islands,51659,15.3100,5.2800,76.33,472,1001,520,226,96,53,20,2,1134,652,238,114,38,9,0,1736,2321,2147,1825,1613,972,2012,2730,2594,2061,1834,1233,MP,2021
Mauritania,4079284,28.4900,7.5400,64.86,1030700,37935,27625,17815,9628,3800,952,131,29415,20861,12343,6085,2195,474,55,266470,232854,213448,193984,173666,154321,270431,232319,208558,183840,159065,137550,MR,2021
Montserrat,5387,11.1400,5.9400,75.49,102,79,42,27,13,6,0,0,60,50,37,25,16,5,1,137,138,134,391,165,190,147,149,143,423,180,174,MS,2021
Malta,460891,9.8400,8.3700,83.00,316,14193,14970,10679,7073,4412,2050,637,13840,13947,9155,5280,2571,969,258,11242,10315,10092,12209,14570,16567,11718,11000,10750,13076,16594,18389,MT,2021
Mauritius,1306837,9.9000,8.7800,74.59,2030,34675,25694,15455,9892,5983,2506,731,28391,19423,9805,5136,2292,534,78,31278,37625,45052,46701,50030,47503,33037,39315,46566,47552,50512,48899,MU,2021
Maldives,390669,15.6900,4.1200,76.69,298,3825,2516,2267,1566,754,248,47,3109,2020,1811,1247,608,187,28,14680,13269,12998,15581,19314,20227,15292,13778,15153,20284,24413,24325,MV,2021
Malawi,20308502,28.5900,4.6600,72.16,94080,145978,111544,79026,47921,22307,6541,988,130000,95052,62139,33248,12808,2994,359,1388555,1340575,1157486,988015,847489,693325,1383020,1311135,1125417,954792,813132,662913,MW,2021
Mexico,128569498,13.1300,8.4400,71.14,1943945,1954070,1355745,958172,716071,354424,85744,13576,1642763,1191322,830306,519964,255957,69836,9966,4593241,5668823,5319095,5172879,5258391,5392779,4860616,5869930,5707598,5470088,5104210,4866508,MX,2021
Malaysia,33519406,14.7200,5.6600,75.87,328657,511433,349717,224500,129741,61691,19941,4102,496165,332176,199227,107944,57391,23843,7027,1212790,1243723,1318958,1459507,1489668,1384171,1292418,1307353,1374085,1533378,1575501,1495258,MY,2021
Mozambique,30888034,38.0300,10.5900,56.49,786380,175867,128791,85873,46689,18012,4076,448,170983,124944,82816,43264,15641,3248,325,2592944,2004947,1659528,1421638,1187347,1009762,2663237,2056501,1683561,1404492,1106902,883928,MZ,2021
Namibia,2678191,25.3300,7.0700,65.87,823290,21585,15647,11020,7502,3527,748,94,17289,12230,7912,4648,1853,373,41,160658,149468,141464,128268,118762,103430,164471,152153,143801,127990,115251,97641,NA,2021
New Caledonia,293608,14.2800,5.8400,78.59,18275,5264,4346,3226,2134,1139,439,118,4721,3782,2486,1362,578,167,29,10141,10391,10583,11492,11612,11218,10606,10853,11049,12001,12050,11558,NC,2021
Niger,23605767,47.2800,10.0900,59.70,1266700,122077,92329,63901,34946,13573,3869,522,118165,85739,57697,30190,10729,2680,322,2339150,1633487,1366174,1055607,787095,611960,2385238,1646043,1342369,1017969,748856,573597,NE,2021
Nigeria,219463862,34.3800,8.8900,60.87,910768,1543205,1114476,701822,347703,122160,26398,2998,1413084,998688,616526,288052,92072,17789,1779,16341699,13415860,12055070,10018995,8042446,6817011,17118123,13947976,12472991,10288587,8172505,6853927,NG,2021
Nicaragua,6243931,16.7100,5.1600,74.51,119990,77468,55825,39073,23693,11314,3603,583,64700,44721,30479,17724,7151,1845,241,249912,262452,285941,302509,324084,276292,260863,273316,293781,305223,320963,261358,NI,2021
Netherlands,17337403,10.9800,9.2200,81.95,33893,515072,494415,362142,255365,163684,80778,24975,493913,458628,310429,186160,93571,34799,8164,457641,454549,485885,520825,541223,549768,480548,475687,508363,538318,555048,560553,NL,2021
Norway,5509591,12.0900,8.0100,82.35,304282,142364,131804,104843,66643,42675,23113,7420,140984,127061,93822,50745,25818,10978,2711,162358,160289,153610,165710,182530,192648,170639,168500,161641,173039,191588,204249,NO,2021
Nepal,30424878,17.7800,5.5700,72.12,143351,366287,252274,154168,83296,32070,7371,992,354989,244585,153633,79678,29145,6426,774,1299223,1403951,1483999,1573553,1528488,1314478,1372328,1483738,1544971,1582478,1501245,1143575,NP,2021
Nauru,9770,21.4900,6.2400,67.62,21,140,64,19,9,3,1,0,71,36,10,6,1,0,0,502,481,403,400,333,455,525,501,339,394,357,488,NR,2021
New Zealand,4991442,12.8300,6.9100,82.33,264537,123763,107768,77889,55410,32273,16711,5013,115778,100893,69862,46126,23738,10179,2320,152481,164830,151842,158029,173790,185516,161113,174803,159580,169333,182090,184541,NZ,2021
Oman,3694755,22.5800,3.2500,76.64,309500,26807,20420,14292,7946,3324,1070,215,24888,18345,12768,7035,2852,763,118,199143,155304,141434,154707,165459,160234,208556,163667,150096,176883,210652,213818,OM,2021
Panama,4271368,18.2600,6.3600,76.77,74340,64555,52668,42195,29707,18901,8096,2047,61798,48257,37046,24898,14421,4837,893,184079,166836,163555,168730,162855,161078,195795,173675,169510,173410,166088,165886,PA,2021
Peru,32110270,17.4700,11.7100,68.94,1279996,501367,373842,273933,174934,82775,25169,3995,444864,326686,228902,132260,54876,14121,1852,1382214,1378127,1309524,1243373,1293608,1276383,1442189,1432414,1340667,1233479,1248446,1208429,PE,2021
French Polynesia,297154,13.6900,5.5100,78.19,3827,5384,3739,2698,1689,873,313,79,5468,3653,2577,1496,680,203,33,10048,10386,10274,10328,11202,12123,10510,11122,11159,11235,11911,12674,PF,2021
Papua New Guinea,9368881,29.5200,5.6100,69.12,452860,75111,50193,27212,14021,4630,902,90,77625,49201,28747,13464,4412,943,102,636883,509409,448993,412590,370126,318805,664220,530291,466845,428010,383124,330291,PG,2021
Philippines,112771402,22.3800,6.5600,69.80,298170,1376368,926321,621025,383265,176840,52741,8713,1039800,654927,386841,189641,65606,13582,1437,5961440,5630339,5392637,5038694,4587285,4260178,6228570,5877086,5626711,5239013,4746433,4386310,PH,2021
Pakistan,238181034,26.9500,6.1000,69.37,770875,2270587,1577956,1092404,606254,226238,48667,5597,2104985,1351079,888235,474134,168184,35040,4012,14595556,12952832,11808261,10582235,9439551,8339103,15202210,13518218,12408292,11146843,9928572,8742461,PK,2021
Poland,38185913,8.6900,10.6800,78.53,304255,1412184,1158409,663684,565057,377234,178483,50492,1144010,844620,412667,293101,174668,79451,21002,851571,966298,857935,935634,1137396,1322699,901281,1023925,906337,989663,1190631,1375232,PL,2021
Saint Pierre and Miquelon,5321,6.5800,11.0900,81.20,242,170,183,138,92,69,30,10,178,158,93,70,29,12,3,97,141,125,99,99,97,101,150,133,110,100,89,PM,2021
Puerto Rico,3142779,7.9000,9.5300,81.47,8869,108804,102269,82854,56080,34244,15605,5036,89635,82176,64219,40327,20579,7492,1842,59017,83390,90484,102626,105783,101421,61919,86173,95113,104606,103925,94309,PR,2021
Portugal,10263850,8.0200,10.9000,81.29,91470,334898,304583,248894,193947,135184,68542,22156,264934,230901,166860,111359,63399,26007,6615,205512,248678,267139,280062,272934,293079,215559,260422,283789,295020,281566,292192,PT,2021
Palau,21613,11.4700,8.1900,74.38,459,568,369,277,209,104,37,7,226,124,77,61,33,10,0,569,715,875,791,859,690,608,742,862,817,1125,1097,PW,2021
Paraguay,7272639,16.4300,4.8400,78.13,397302,111167,79169,61159,37296,20655,8818,2150,112617,76189,53597,29100,13409,4550,833,278555,273919,293917,320575,344581,315494,289398,282088,299182,322389,344584,314559,PY,2021
Qatar,2479995,9.3800,1.4200,79.58,11586,5216,2715,1502,853,384,112,24,12524,5166,1799,783,275,61,10,56886,48269,40534,45285,64569,76992,58207,48794,58337,144481,254327,324859,QA,2021
Romania,18748356,8.9000,17.6900,73.41,229891,683941,581262,404188,364150,214287,85048,21365,547105,425413,267094,213954,127095,63331,20543,467726,492885,466381,461700,438120,622791,496463,520294,493327,477480,433589,624762,RO,2021
Serbia,6796857,8.9600,18.4400,72.91,77474,259735,212993,122779,98518,54141,21233,4814,222176,159355,78282,53407,25131,8645,1625,153174,164936,182229,179711,202346,218883,162888,175633,191998,186185,208328,224952,RS,2021
Russia,142320790,9.7100,13.4000,72.16,16377742,5188434,3959495,1865949,2541517,1155282,655979,148653,3256782,2100090,798328,855757,303289,139373,21495,3614735,4125560,3524285,3139725,3729919,5784665,3822896,4353968,3706280,3282101,3868425,5856092,RU,2021
Rwanda,12943132,27.1800,5.9500,65.48,24668,97936,56970,31942,16999,6625,1546,200,72270,39001,17208,8694,3352,724,85,854605,806235,698797,608588,497432,526075,874934,820047,706487,609005,490918,500953,RW,2021
Saudi Arabia,34783757,14.5600,3.3900,76.40,2149690,242836,166843,112463,63820,27213,8632,1363,322176,167246,116887,62055,22817,7173,1012,1259531,1482960,1334742,1229441,1278916,1375993,1310267,1550913,1418389,1355317,1534627,1811798,SA,2021
Solomon Islands,690598,23.0700,3.9700,76.45,27986,6191,4737,3361,2102,1043,376,85,5788,4224,3076,1777,749,216,35,36983,34985,33843,31709,28702,25378,38874,37134,35866,33503,30138,26411,SB,2021
Seychelles,96387,12.6300,6.8300,75.84,455,1561,1094,840,684,418,162,39,1505,959,546,272,110,23,3,2955,2844,2772,2728,3284,3567,3077,3017,3033,3145,3749,4242,SC,2021
Sudan,46751152,33.6300,6.4100,66.79,1861484,281702,181672,115316,66097,29836,8563,1375,307719,204316,131113,73677,31666,8662,1261,3470111,2944951,2717910,2174564,1650923,1454058,3597366,3030928,2781644,2260988,1753129,1463297,SD,2021
Sweden,10432235,10.8800,9.4400,82.61,410335,272836,271423,257468,165585,100483,50127,15778,267984,257767,238169,138764,68467,24299,2680,284718,299877,277968,267354,339692,370988,301387,318111,298228,302903,360444,389267,SE,2021
Singapore,5866139,9.1300,3.9300,86.19,709,135442,104792,54816,46325,27573,14893,5797,130544,95283,45230,34010,18723,9452,3389,134728,149985,166043,209064,227428,230714,142470,162832,183301,230056,252664,244722,SG,2021
"Saint Helena, Ascension, and Tristan da Cunha",7915,9.3500,7.9600,80.25,394,222,176,123,79,46,24,8,241,198,158,67,36,8,2,179,207,226,234,226,217,187,215,233,244,234,216,SH,2021
Slovenia,2102106,8.5000,10.3400,81.61,20151,72736,61417,45012,37723,25507,12218,3549,69002,53606,34060,24123,12249,4512,845,46986,52901,45409,45910,50221,60633,48818,56033,48456,49951,54980,67294,SI,2021
Slovakia,5436066,9.1000,10.0800,78.07,48105,185007,151265,100814,73139,40372,19006,5568,150794,106466,59366,35175,17882,7409,1936,124057,141050,127606,137673,161293,194923,132461,147331,133576,143394,172968,199946,SK,2021
Sierra Leone,8475149,32.9100,9.5100,58.45,71620,41039,35974,23289,12891,4123,744,72,42459,31633,19978,10183,3158,576,52,631314,520874,469018,431287,389134,321117,642335,530093,466840,403066,336882,266833,SL,2021
San Marino,34467,8.7600,8.8500,83.68,61,940,901,724,576,422,209,81,918,818,606,442,258,107,31,744,854,882,1000,989,955,811,947,1039,1069,940,854,SM,2021
Senegal,17462980,32.2000,5.1700,69.66,192530,128717,87365,54571,29257,11797,2983,395,98462,69286,44233,23548,9034,2076,246,1305749,1084585,925364,779706,679857,597125,1361211,1121899,951151,788949,671595,565283,SN,2021
Somalia,12094640,38.2500,11.8200,55.32,627337,76185,46114,32069,16577,6004,1329,157,60981,28907,17794,8892,3162,612,77,973331,735154,648041,550597,413397,398864,979840,725286,642414,559232,436882,419274,SO,2021
Suriname,625420,15.5900,6.5400,72.27,156000,9148,6243,4348,3137,1682,600,135,7502,4426,2722,1827,826,252,44,23453,24565,25222,26856,24097,24533,24493,25474,26639,28162,25008,25306,SR,2021
South Sudan,10984074,38.2600,9.8400,58.60,644329,52819,32057,22427,8961,3833,959,134,65647,43286,30187,13254,5584,1231,155,870101,645718,627592,518414,381852,332740,903069,668821,628928,560457,449961,356536,SS,2021
Sao Tome and Principe,213948,28.9400,6.3300,66.72,964,1465,906,581,437,201,60,11,1135,685,413,355,151,39,6,14094,13315,12529,10462,8021,6997,14466,13783,12909,10694,8099,6885,ST,2021
El Salvador,6528135,18.2200,5.9100,75.11,20721,98789,74836,54612,34733,17647,6208,1155,76163,60072,42997,25449,11888,3755,608,286954,259706,270611,310956,313574,275844,300395,272351,281994,317550,308684,256889,SV,2021
Sint Maarten,44564,12.7500,5.9000,79.03,34,1407,836,427,189,77,24,7,1224,801,374,153,49,9,2,1345,1326,1212,1547,1582,1448,1434,1438,1350,1565,1504,1430,SX,2021
Syria,20384316,23.2500,4.3600,74.01,185887,165224,132165,95904,50198,20131,5495,815,153937,120969,80689,38897,14594,3592,483,1160287,1033848,962668,984843,846428,774652,1226388,1076536,1000987,968728,817597,759234,SY,2021
Eswatini,1113276,23.8700,9.9000,59.13,17204,10203,7801,5006,2712,1040,244,28,6600,4602,2870,1410,489,98,8,61451,60810,57129,51663,58205,56983,62432,59668,53548,45274,50491,49206,SZ,2021
Turks and Caicos Islands,57196,13.8600,3.4600,80.60,948,557,371,295,219,122,70,19,664,340,247,141,89,37,9,1969,1910,1772,1925,2223,2417,2051,1973,1802,1900,2106,2227,TC,2021
Chad,17414108,41.0500,9.7000,58.73,1259200,103566,70320,41302,19233,6745,1512,195,80326,52970,30538,13800,4609,973,120,1542576,1163908,975075,761204,609565,579329,1583866,1189946,990599,762591,601515,560662,TD,2021
Togo,8283189,32.3400,5.3900,70.99,54385,73769,55891,38001,21076,8832,2382,335,57994,40964,25351,12279,4276,922,103,597120,477868,408832,346813,322740,313216,614486,488530,412753,342122,314696,295665,TG,2021
Thailand,69480520,10.2500,7.6600,77.41,510890,1796471,1291093,880905,631254,341123,120689,21583,1552761,1083289,700729,456789,216303,66144,9876,1760262,1946007,2045407,2198811,2465047,2317353,1851602,2041249,2130980,2256792,2486562,2287150,TH,2021
Tajikistan,8990874,21.2200,5.7800,69.06,141510,89265,48819,27315,22449,10751,2469,260,68814,35896,19977,12448,3920,554,32,456577,444371,407641,393532,380564,410072,474194,460122,421100,405482,389562,416220,TJ,2021
Timor-Leste,1413958,31.4500,5.6700,69.62,14874,11540,9207,5745,2679,892,223,23,12315,7879,5067,2369,643,122,12,100449,80670,74494,66555,56111,48698,106345,85306,77669,67571,53983,43593,TL,2021
Turkmenistan,5579889,17.8500,5.9500,71.54,469930,81038,49743,20002,21262,8359,3025,466,67607,39661,15814,13837,4622,1231,118,237099,218637,213534,227428,263355,260190,244380,223390,217156,229816,264874,260697,TM,2021
Tunisia,11811335,15.2100,6.3500,76.57,155360,220665,147755,96901,63398,32381,9093,1335,215375,134205,82042,51414,24268,6308,816,468940,447090,379558,362572,433631,478284,497481,479314,397190,367279,414999,451653,TN,2021
Tonga,105780,20.6000,4.9500,77.29,717,1337,1036,787,566,268,94,15,1214,843,631,412,177,51,7,5285,5546,5302,4798,4147,3472,5432,5774,5589,5006,4181,3369,TO,2021
Turkey,82482383,14.5400,6.0200,75.96,769632,1431761,1034445,690670,455097,233719,81129,12431,1339163,912220,529979,278662,125938,31280,3519,2932759,3202716,3186490,3076777,3003050,3082301,3069764,3359820,3345665,3215753,3109190,3178171,TR,2021
Trinidad and Tobago,1403505,10.9800,8.2900,75.68,5128,33693,25952,17614,10493,4842,1586,298,32040,23769,14483,7579,2952,803,126,40146,47965,44470,42568,44216,52664,41694,50081,46594,45272,46886,54293,TT,2021
Tuvalu,11448,22.9700,8.0400,68.07,26,227,140,64,47,17,4,2,139,82,46,23,10,2,0,604,482,450,492,518,450,632,509,482,526,573,570,TV,2021
Taiwan,23572052,7.4300,7.8000,80.95,32260,760490,517411,337102,275787,163127,70203,15733,688267,449323,267876,195437,108965,51067,9696,446652,459850,551422,720036,789778,796776,472903,489663,585449,758480,825066,818177,TW,2021
Tanzania,62092761,33.7100,5.1700,69.90,885800,460652,328878,204047,111557,44830,10856,1358,335971,242806,160534,83707,31280,7221,882,4819451,3779801,3270188,2790786,2359153,2012509,4932804,3849728,3322502,2819392,2367342,2009637,TZ,2021
Ukraine,43745640,9.2300,13.9000,73.18,579330,1540081,1292590,740476,918755,330195,157711,36909,981409,715971,327545,355975,123144,57452,9922,1048965,1182230,990763,980004,1276043,1683976,1115458,1258686,1045306,1023915,1330703,1734763,UA,2021
Uganda,44712143,41.6000,5.1700,68.58,197100,217217,170355,117742,67965,26497,7360,1114,169634,124110,84962,49825,19625,5134,722,4181715,2954210,2577383,2094494,1791857,1493163,4289321,3005781,2535317,1893868,1478267,1212366,UG,2021
United States,334998398,12.3339,8.3465,80.43,9150541,9766137,8316268,5708961,3864358,2444106,1339676,474399,8710869,7159776,4645571,2861632,1562368,698877,191264,10074340,10136172,10309989,10736223,11334345,11572134,10526683,10578739,10740438,11218217,11891467,11918444,US,2021
Uruguay,3398239,12.7500,9.2400,78.19,175015,82618,69937,57823,44224,29429,14385,4144,68238,52639,38947,25305,13805,5336,1156,105649,110265,118840,129435,128015,121426,109323,114310,122584,132692,130981,124370,UY,2021
Uzbekistan,30842796,15.8500,5.4000,75.03,425400,439765,268619,116312,149033,70548,33550,7483,364540,206112,91300,100561,42722,16768,2664,1175359,1119594,1155927,1256465,1502861,1498170,1235680,1176324,1218394,1315746,1524979,1524925,UZ,2021
Saint Vincent and the Grenadines,101145,12.4400,7.4200,76.43,389,2169,1409,1029,734,407,169,38,2243,1404,921,554,251,81,13,3126,3457,3586,3661,3679,3494,3196,3505,3637,3736,3806,3683,VC,2021
Venezuela,29069153,17.5500,7.1300,72.22,882050,503488,356556,221041,143069,71306,28062,4804,448078,307526,180651,107668,50516,18135,2837,1218780,1184243,1152732,1131794,1164203,1160522,1270521,1241941,1201670,1156478,1167759,1152419,VE,2021
"Virgin Islands, British",37891,10.9800,5.3000,79.44,151,821,569,361,206,94,43,11,762,557,338,166,70,23,4,1054,1017,1088,1330,1564,1783,1079,956,1000,1212,1415,1576,VG,2021
"Virgin Islands, U.S.",105870,11.8400,8.5800,80.05,348,3588,3152,2395,1358,765,233,62,2933,2659,2088,1117,468,135,22,3175,3642,2913,2622,3090,3313,3350,3768,2837,2382,2543,2796,VI,2021
Vietnam,102789598,16.0400,5.7800,75.25,310070,1643262,1085085,654153,537209,314155,145514,38067,1303131,775684,402650,284176,127439,48222,7623,3899863,3745212,3724308,3628573,4131242,4344962,4375050,4160026,3938650,3815660,4332231,4564680,VN,2021
Vanuatu,303009,21.9500,3.9700,74.87,12189,2862,1961,1203,604,223,57,7,2848,1953,1189,581,206,46,6,16123,16312,15793,14641,13204,11041,16875,16937,15810,14207,12575,10732,VU,2021
Wallis and Futuna,15851,12.4900,5.7400,80.45,142,301,242,139,111,46,27,5,320,255,178,108,38,16,5,500,522,541,524,588,610,532,585,601,594,670,675,WF,2021
Samoa,204898,19.3200,5.3600,74.92,2821,2476,1814,1408,956,468,209,39,2379,1493,990,609,239,82,14,9398,9693,10146,9340,8876,7897,9885,10445,10841,9732,8943,7756,WS,2021
Gaza Strip,1957062,28.1000,2.9400,75.14,360,10008,6724,4055,2466,1378,436,84,11862,8286,4484,2422,1168,318,49,131838,132402,116353,95333,84044,68162,139406,138963,120428,96738,82878,65848,XG,2021
Kosovo,1942251,15.1400,8.6400,70.06,10887,29448,22565,16264,11001,5415,1670,258,26608,17015,11031,6705,2819,750,93,71075,76570,77853,79138,71713,84188,76492,82876,84008,86156,79776,94473,XK,2021
West Bank,2949246,24.8000,3.4300,76.12,5640,20605,15147,11243,6977,3693,1210,219,21321,14154,8611,4577,2070,572,91,173329,159629,151569,144262,131058,110580,182729,167833,158796,150036,134883,112854,XW,2021
Yemen,30399243,25.2100,5.6900,67.18,527968,221847,144250,88396,45782,19050,5494,940,183624,121811,70418,33333,12660,3294,472,1810795,1826243,1709733,1514305,1314972,1158988,1879540,1883600,1759229,1554530,1350338,1175783,YE,2021
South Africa,56978635,18.8900,9.2700,65.04,1214470,788714,578141,372704,212724,83251,21162,2860,625132,423355,257710,131411,45000,9474,1070,2635047,2615735,2409225,2400587,2534654,2681294,2664175,2596413,2383341,2313496,2419041,2740635,ZA,2021
Zambia,19077816,35.2300,6.2400,65.92,743398,104960,78087,50662,28914,11287,2674,338,93898,64801,40476,21536,7784,1690,193,1515078,1232581,1064598,870016,730028,604064,1547848,1249737,1074009,869878,726184,600651,ZM,2021
Zimbabwe,14829988,33.3400,9.0200,62.83,386847,142111,99934,71380,55157,29102,7351,959,94008,65455,47824,35861,16602,3669,409,1097070,831681,794078,721516,640914,567273,1108015,791560,769401,686143,641079,610547,ZW,2021
